Prime name;End of maturation;Ward cluster;Kmeans cluster;Species;Parent 1;Parent 2;VVS2 Allele 1;VVMD5 Allele 1;VVMD7 Allele 1;VVMD25 Allele 1;VVMD27 Allele 1;VVMD28 Allele 1;VVMD32 Allele 1;VRZAG62 Allele 1;VRZAG79 Allele 1;VVS2 Allele 2;VVMD5 Allele 2;VVMD7 Allele 2;VVMD25 Allele 2;VVMD27 Allele 2;VVMD28 Allele 2;VVMD32 Allele 2;VRZAG62 Allele 2;VRZAG79 Allele 2;Utilization;Anthracnose;Downy mildew;Mildew;Botrytis;Sour Rot;OIV 004;OIV 007;OIV 008;OIV 51;OIV 053;OIV 067;OIV 068;OIV 70;OIV 075;OIV 076;OIV 079;OIV 80;OIV 081-1;OIV 084;OIV 087;OIV 202;OIV 204;OIV 208;OIV 220;OIV 223;OIV 225;OIV 235;OIV 236;OIV 241;Berry size
ALICANTE HENRI BOUSCHET;2;3;1;VITIS VINIFERA LINNÉ SUBSP. SATIVA;GRENACHE;PETIT BOUSCHET;132.3333333;225.3333333;239;220.3333333;183.6666667;245;247;188;245;144.3333333;237.6666667;243;224.6666667;192.3333333;260.3333333;261.6666667;211.6666667;261.6666667;5;1.666666667;2.5;4.5;4.5;4;8.333333333;1.5;1.166666667;2;7.666666667;3.5;2;2;1;2.166666667;3.666666667;2;1;4.333333333;3;5.333333333;5.666666667;2;4;2.166666667;6;2.5;1;3;2.666666667
ALZANO;2;1;1;VITIS VINIFERA LINNÉ SUBSP. SATIVA; Unknow ; Unknow ;133;225;239;242;179;249;253;196;251;133;235;251;252;185;253;253;196;259;5;5;3;2;1;3;5;1;1;2;9;2;3;1;1;2;3;2;1;7;1;3;4;2;5;3;1;2;1;3;2.5
AUBUN;3;1;3;VITIS VINIFERA LINNÉ SUBSP. SATIVA;VITIS VINIFERA;VITIS VINIFERA;132.3333333;231.3333333;253;241;178.3333333;244.6666667;240;194.6666667;251;132.3333333;235.6666667;257;249;193;258.6666667;262;200;251.3333333;5;3;3;5;3;4;6.333333333;2.5;1.333333333;2.333333333;9;3;3.833333333;1;3.666666667;3;6;3;9;5;1;5;5.666666667;2;3;2.333333333;6;1.666666667;1;3;3
BACO BLANC;3;1;2;VITIS VINIFERA LINNÉ SUBSP. SATIVA;FOLLE BLANCHE;NOAH;123.6666667;225.6666667;235;238.6666667;180;243.6666667;249.6666667;197.6666667;243.6666667;132;225.6666667;239;238.6666667;186;257.6666667;271.6666667;206;249.6666667;9;4.5;3.666666667;5;4.5;4.333333333;7;1;1;1;7;2;2.5;1;6;3;3;2;9;1;1;5;5;1.5;3;2;1;1;3;3;2
BARBASSESE;2;1;1;VITIS VINIFERA LINNÉ SUBSP. SATIVA;CROVIN;TIMORASSO;132.3333333;225.3333333;247.6666667;240.3333333;181;242.6666667;253.3333333;196;246.6666667;136.3333333;230.6666667;251.6666667;251;185.6666667;262.6666667;269.3333333;200;260;5;3;3;4;4;3.666666667;6.666666667;1.5;1.166666667;1.666666667;6.666666667;3;2.666666667;1.666666667;5;2.833333333;4;2;1;4;3.333333333;5;6.333333333;1.833333333;4;2.833333333;1;1.5;1;3;3
BEAUJOLAIS;2;2;4;VITIS VINIFERA LINNÉ SUBSP. SATIVA;HEUNISCH WEISS;PINOT NOIR;132.3333333;233.6666667;239;239;180.3333333;218.3333333;240;194;243.3333333;136.3333333;237.6666667;249;239;188.3333333;246.6666667;272;204;245.3333333;5;2.5;2.666666667;4.166666667;3.166666667;3.333333333;4.666666667;2;1;2;7;3;3;1.5;4.333333333;3;5;3;1;5;5;4;7;2.166666667;5;2.833333333;6;2;1;3;2
BOUSCHET PETIT;2;2;1;VITIS VINIFERA LINNÉ SUBSP. SATIVA;TEINTURIER;ARAMON NOIR;132.3333333;233.6666667;239;241;180.3333333;234;250;188;242;147.6666667;236.3333333;243;251;190;260.6666667;264.6666667;196;250;5;2;2.5;4.666666667;4.5;3.5;6;3;1;3;7;3;3;5;3.666666667;3;3;3;1;2;2;5.666666667;4.333333333;2.5;3;2;6;3;1;3;2.5
CABERNET FRANC;3;1;3;VITIS VINIFERA LINNÉ SUBSP. SATIVA;VITIS VINIFERA;VITIS VINIFERA;138.3333333;225.3333333;239;239;180.3333333;228.6666667;240;194;247.3333333;146.3333333;239.6666667;262.6666667;255;188.3333333;236.6666667;258;204;259.3333333;5;2.666666667;3;4.666666667;4.5;4.5;5;2;1;3;5;3;3;3;5;4;5.666666667;3;1;4;2;4;5.333333333;2.166666667;2;2;6;1.333333333;4;3;2
CABERNET SAUVIGNON;3;1;3;VITIS VINIFERA LINNÉ SUBSP. SATIVA;CABERNET FRANC;SAUVIGNON BLANC;138.3333333;231.3333333;239;239;174.3333333;234.6666667;240;188;247.3333333;150.3333333;239.6666667;239;249;188.3333333;236.6666667;240;194;247.3333333;5;2.833333333;2.833333333;4.166666667;4.666666667;4.333333333;6;1;1;2;5;3;3.666666667;3.333333333;5;3;5;1;1;3.666666667;2;5;4;2;3;1.666666667;6;1;4;3;2
CANINA BIANCA;2;3;3;VITIS VINIFERA LINNÉ SUBSP. SATIVA;Vitis vinifera;Vitis vinifera;153;232;247;239.6666667;181.3333333;236;248.6666667;194;249;157;232;257;241.6666667;189.3333333;238;272.6666667;204;259;5;2;3;3;4;4;6;2;1;2.5;6;3;3;2;3;2;5;3;5;2;4;5;5;2;4;2.5;1;2;1;3;2.5
CARDIN;1;3;4;VITIS VINIFERA LINNÉ SUBSP. SATIVA;BOTTAGERA; Unknow ;135;233;247;256;179;237;251;204;249;139;235;249;256;194;261;273;204;249;5;3;2;3;1;4;3;1;1;1;4;3;3;1.5;6;5;4;2;1;1;4;4;5;2;5;2;6;1;1;3;3
CARIGNAN;3;3;1;VITIS VINIFERA LINNÉ SUBSP. SATIVA;CASTELLANA BLANCA; Unknow ;142.3333333;225.3333333;239;241;180.3333333;248.6666667;250;186;251.3333333;144.3333333;227.3333333;239;251.3333333;184.3333333;258;252;188;259.3333333;5;1.5;2;3;3.5;3;7;1.666666667;1.833333333;2.5;7;2;3.333333333;2;5;2;4.666666667;1.5;1;4;2;5.666666667;7;2;5.333333333;2.5;6;3;1;3;3.166666667
CARMENERE;2;1;3;VITIS VINIFERA LINNÉ SUBSP. SATIVA;GROS CABERNET N;CABERNET FRANC N;137.3333333;225.6666667;240.3333333;240;174.3333333;236;239;187.6666667;247;145.3333333;238;264;256;188.3333333;248.6666667;239;203.6666667;247;4;4.666666667;4.333333333;5;5;5;7;2;2;3;3;3;3;2;5;3.333333333;7;1;9;3;3;5;3;1.5;5;5;6;2;4;3;2
CENTENNIAL SEEDLESS;2;5;0;VITIS VINIFERA LINNÉ SUBSP. SATIVA;GOLD;OLMO Q 25- 6;133.3333333;236;240.3333333;240;178.3333333;218.3333333;263;187.6666667;247;133.3333333;238;240.3333333;256;193.6666667;236;271;187.6666667;255;6.333333333;2;2;5;2;2;3;2;1;4;1;3;3.5;5;3;3.166666667;4;1.666666667;9;1;1.666666667;8;4;2;9;3;1;3;4;2;4
CHARDONNAY;2;2;4;VITIS VINIFERA LINNÉ SUBSP. SATIVA;HEUNISCH WEISS;PINOT NOIR;136.3333333;233.6666667;239;239;180.3333333;218.3333333;240;188;243.3333333;142.3333333;237.6666667;243;255;188.3333333;228.6666667;272;196;245.3333333;5;2.5;2.5;3;3.5;4.5;4.666666667;1.666666667;2;1.5;4;3;2;1.333333333;3;2;3;1;1;3;2.333333333;3.666666667;7;2;4;2.666666667;1;1;1;3;2
CHASSELAS;2;3;2;VITIS VINIFERA LINNÉ SUBSP. SATIVA;VITIS VINIFERA;VITIS VINIFERA;132.3333333;227.3333333;239;241;184.3333333;218.3333333;240;194;251.3333333;142.3333333;235.6666667;247;255;188.3333333;268.6666667;240;204;259.3333333;3.333333333;3;2.333333333;4.5;4;4.833333333;3;2;2.5;4;1.666666667;3;3;2.333333333;2.333333333;3;4.666666667;2.5;1;1;3;5.333333333;4.666666667;2;4.666666667;2.166666667;1;1;1;3;3
CHATUS;2;2;3;VITIS VINIFERA LINNÉ SUBSP. SATIVA;Vitis vinifera;Vitis vinifera;132.3333333;225.3333333;239;239;178.3333333;218.3333333;240;188;251.3333333;136.3333333;227.3333333;249;241;193.3333333;236.6666667;272;194;251.3333333;5;4;4.5;4.5;2;4;8;2.5;1.5;2;7;3;2.5;2;4;2;5;3;1;5;7;5;7;2;3;3;6;1;1;3;1.5
CHENIN BLANC;2;1;3;VITIS VINIFERA LINNÉ SUBSP. SATIVA;SAVAGNIN BLANC; Unknow ;132.3333333;227.6666667;239;240.6666667;174.3333333;233.6666667;255.6666667;188.3333333;229.6666667;150.3333333;231.6666667;257;248.6666667;188.3333333;247.6666667;271.6666667;194.3333333;251.3333333;5;2.5;2.5;4;3;2;9;1.5;2.5;1;6;5;2.5;5;3;3;3;1;1;6;4;5;7;2;5;4;1;1;1;3;2
CLAIRETTE BLANCHE;3;1;3;VITIS VINIFERA LINNÉ SUBSP. SATIVA;VITIS VINIFERA;VITIS VINIFERA;135;227.3333333;239;240.3333333;178.3333333;228.6666667;254.6666667;186.6666667;248.6666667;148.3333333;234;245.6666667;255;190.3333333;258.6666667;258.6666667;201.3333333;251.3333333;4.166666667;3;3;4;3;5;8;1.5;1;3;8;5;3.166666667;3.333333333;4;2.333333333;8;2;1;8;3;5.666666667;5.666666667;1.5;4;3.833333333;1;3;1.666666667;3;2.5
CLAIRETTE ROSE;3;1;3;VITIS VINIFERA LINNÉ SUBSP. SATIVA;CLAIRETTE BLANCHE MUTATION;CLAIRETTE BLANCHE MUTATION;136.3333333;226.3333333;239;240.6666667;178.6666667;227.6666667;255.6666667;186;251.3333333;150.3333333;232.3333333;249;262.6666667;190.6666667;257.6666667;261.6666667;204;251.3333333;3.833333333;4;2;5;5;4;8;1.5;1;3;8;5;3.166666667;3.333333333;4;2.333333333;8;2;1;8;3;5.666666667;5.666666667;1.5;4;3.833333333;2;3;1.666666667;3;2.5
COLOMBARD;2;1;1;VITIS VINIFERA LINNÉ SUBSP. SATIVA;HEUNISCH WEISS;CHENIN;136.3333333;233;237.6666667;244.6666667;177.6666667;241.3333333;254;195;245.6666667;144.3333333;238.6666667;239.6666667;247.6666667;181.6666667;247.3333333;270.6666667;201;253.6666667;3.333333333;2;2;4;3;4;9;1;1;2;7;3;2.5;1;2;2;5;2;1;5;1;5;5;2;5;3;1;1;2.333333333;3;3
CRIMSON SEEDLESS;2;4;0;VITIS VINIFERA LINNÉ SUBSP. SATIVA;EMPEROR;FRESNO C 33- 199;133.6666667;226.6666667;239;248.3333333;192.3333333;243.3333333;263.3333333;188;247.6666667;149.6666667;235.3333333;249;254.3333333;192.3333333;257.3333333;271.3333333;204;257.6666667;7;1;2;2;5;5;7;2;1;4;1;2;1;1;1;3;3;1;1;3;3;5;6;2;5;5;5;6;5;3;3
EMPEROR;3;4;1;VITIS VINIFERA LINNÉ SUBSP. SATIVA;BEBA; Unknow ;132.3333333;236;243;238.6666667;180.3333333;248.6666667;252;188;247.3333333;134.3333333;236;249;254.6666667;193;258.6666667;272;204;257.3333333;3;1.333333333;2;4.333333333;4.333333333;5;4.333333333;1;1;3;4.333333333;3;2.5;1;4.333333333;2.333333333;7;3;1;2.333333333;4.333333333;7;5;2;7;2.833333333;2.666666667;2;1;3;3
FRANCA;2;4;0;VITIS VINIFERA LINNÉ SUBSP. SATIVA;MUSCAT HAMBURG;AFUS ALI;134.3333333;225.3333333;239;255;178.3333333;236.6666667;272;188;251.3333333;134.3333333;237.6666667;247;255;184.3333333;258.6666667;272;192;255.3333333;7;1;1;4;3.666666667;3.333333333;2;2;1.5;4;2;3;3;1.5;4;3;3;1;1;1;1;4;6;2;6;4;5;3;1;3;4
FREISA;2;3;2;VITIS VINIFERA LINNÉ SUBSP. SATIVA;Nebbiolo; Unknow ;132.3333333;225.3333333;247;239;184.3333333;244.6666667;240;194;251.3333333;154.3333333;231.3333333;249;241;188.3333333;268.6666667;272;200;251.3333333;5;2;5;4;4;3;3;1;1;1;2;2;2.5;1;2.5;4;1;2;1;1;3;7;4;1.5;4;3;6;1;1;3;2.5
GABRIELLA;2;4;0;VITIS VINIFERA LINNÉ SUBSP. SATIVA;APESORGIA BIANCA;MUSCAT A PETITS GRAINS BLANCS;132.3333333;227.3333333;239;249;178.3333333;244.6666667;264;186;251.3333333;136.3333333;231.3333333;249;255;184.3333333;246.6666667;272;188;252.6666667;7;1;1;4;3.666666667;3.333333333;3;2;1.333333333;4;1;2;2;2;3;4;3;3;1;1;1;7;3;3;6;2.5;1;2;2;3;4
GEWUERZTRAMINER;2;1;3;VITIS VINIFERA LINNÉ SUBSP. SATIVA;SAVAGNIN ROSE MUTATION;SAVAGNIN ROSE MUTATION;150.3333333;231.3333333;243;249;188.3333333;234.6666667;240;188;245.3333333;150.3333333;237.6666667;257;249;188.3333333;236.6666667;272;194;251.3333333;4.666666667;2.666666667;2.833333333;3.833333333;3.666666667;3.833333333;7.333333333;2;1;2;7;3;2;5;6;3;7;3;1;3;1.666666667;2.333333333;6.333333333;1.666666667;3;4;2;1;5;3;2
GIOVANNA;2;4;0;VITIS VINIFERA LINNÉ SUBSP. SATIVA;MUSCAT HAMBURG;PIROVANO 62;134.3333333;231.3333333;233;255;178.3333333;244.6666667;272;186;243.3333333;142.3333333;237.6666667;249;255;193.6666667;244.6666667;272;196;255.3333333;7;2;2.333333333;4;5;5;2.333333333;2;1;3;3;2.5;2.5;2;3;4;5;2.5;1;4;5;5.666666667;4.333333333;5.666666667;5.666666667;4;5;2.666666667;2;3;3.5
GOUAIS BLANC;2;3;4;VITIS VINIFERA LINNÉ SUBSP. SATIVA;Vitis vinifera;Vitis vinifera;132.3333333;233.6666667;239;239;178.3333333;228.6666667;250;196;237.3333333;142.3333333;239.6666667;249;255;180.3333333;246.6666667;272;204;243.3333333;5;4.333333333;1;1;1;4;4;3;2.5;3;5;2.5;1.5;2.5;3;3;3;3;1;3;5;5;4;1;5;2;1;1;1;3;3
GRAND NOIR;2;3;1;VITIS VINIFERA LINNÉ SUBSP. SATIVA;GRACIANO;BOUSCHET PETIT;138.3333333;225.3333333;239;249;180.3333333;236.6666667;240;188;243.3333333;150.3333333;233.6666667;243;271;182.3333333;244.6666667;250;188;259.3333333;5;3;3;3;5;5;4;3;3;1.333333333;4;2;2;3;5;3;3;1;1;5;1;6.333333333;3.666666667;2.666666667;3;2.666666667;6;2;1;3;3
GREC ROUGE;2;4;2;VITIS VINIFERA LINNÉ SUBSP. SATIVA;Vitis vinifera;Vitis vinifera;132.3333333;226.6666667;244.3333333;240.3333333;182.3333333;242.6666667;254;189.3333333;242;139;235;251.6666667;255;183.6666667;258.6666667;260;197.3333333;252.6666667;5.666666667;5;2.333333333;2;1;4;2;2;1;1;3;3.5;4.5;1;3;5;5;1;1;1;6;6;5;3;6;2;2.5;1;1;3;3.5
GRENACHE;2;3;2;VITIS VINIFERA LINNÉ SUBSP. SATIVA;VITIS VINIFERA;VITIS VINIFERA;136.3333333;225.3333333;239;241;193.3333333;244.6666667;240;188;257.3333333;144.3333333;239.6666667;243;255;193.3333333;244.6666667;250;188;257.3333333;5;2;2.5;4.833333333;3.5;3.5;3;1;1;1;1.333333333;3.333333333;1.5;1;1;2.5;3;1.333333333;1;1;1;5;6.333333333;2.166666667;4;4.5;6;2;1;3;3
ISABEL;2;2;3;VITIS INTERSPECIFIC CROSSING;Vitis labrusca Linne;MESLIER PETIT;123;238.3333333;235;241.6666667;179.3333333;227.6666667;248.3333333;203;237;151.6666667;238.3333333;249;249.6666667;183.3333333;237.6666667;272.3333333;204.3333333;247;1.5;5;3;5;5;4;9;2;1;1.5;9;3;3;1;5;2.833333333;3;3;1;8;1;4;3;1.5;3;2.5;6;2;3;3;3
JACK'S SALUTE;2;5;0;VITIS VINIFERA LINNÉ SUBSP. SATIVA;RED GLOBE;PRINCESS;133.6666667;235.3333333;239;207;179.3333333;257.3333333;251.3333333;188;247.6666667;149.6666667;237.3333333;239;213;192.3333333;257.3333333;263.3333333;188;258.3333333;7;1.666666667;2.333333333;4.666666667;3.666666667;3.333333333;1;1.5;1.5;2.5;1;3;3;1;3;3;6;3;9;2;1;7;5;2;7;4.5;5;3;1;1.5;3
MALBEC;2;3;1;VITIS VINIFERA LINNÉ SUBSP. SATIVA;MAGDELEINE NOIRE DES CHARENTES;PRUNELARD;132.3333333;227.3333333;239;239;188.3333333;234.6666667;240;188;245.3333333;150.3333333;237.6666667;262.6666667;249;190.3333333;268.6666667;252;202;259.3333333;4.666666667;3;3;5;4;4;6.333333333;1.5;1.666666667;2.333333333;5.333333333;2.666666667;2.166666667;3.333333333;4.666666667;2.666666667;3;2;1;4.333333333;1.333333333;5;4;1.5;4;2.333333333;6;1.5;1.5;3;3
MERLOT;2;3;2;VITIS VINIFERA LINNÉ SUBSP. SATIVA;MAGDELEINE NOIRE DES CHARENTES;CABERNET FRANC;138.3333333;225.3333333;239;239;188.3333333;228.6666667;240;194;256;150.3333333;235.6666667;247;249;190.3333333;234.6666667;240;194;259.3333333;5;3.5;3;4.666666667;4.666666667;4;5;1;1;1.5;4;2.666666667;2.5;1;3.666666667;3;3;1;1;4;3;5;5;2;5;2;6;1;1.5;3;2.166666667
MONTANERA;1.5;3;2;VITIS VINIFERA LINNÉ SUBSP. SATIVA;Bottagera; Unknow ;139.6666667;232;247;255;179.6666667;230.6666667;248;197.3333333;250.6666667;149;232.6666667;249;256.3333333;187.3333333;258.6666667;272;197.3333333;256;5;3;2;3;1;3.833333333;5;3;1;1.5;6;3;2;1;5;3;5;2;1;3;8;6;5;1.5;5;2;6;1.5;1;3;3
MOSCATEL DE HAMBURGO;2;4;0;VITIS VINIFERA LINNÉ SUBSP. SATIVA;SCHIAVA GROSSA;MUSCAT OF ALEXANDRIA;134.3333333;231.3333333;256;249;178.3333333;236.6666667;272;186;239.3333333;148.3333333;237.6666667;249;255;184.3333333;244.6666667;272;192;255.3333333;4.666666667;2;2.333333333;3.666666667;4.5;4.5;1;1;1;3;3;3;3;1;1;5;3;2;1;3;5;5;3;2.5;3;2.5;6;3;2;3;3.5
MOSCATO CANELLI;2;4;0;VITIS VINIFERA LINNÉ SUBSP. SATIVA;VITIS VINIFERA;VITIS VINIFERA;132.3333333;227.3333333;233;241;178.3333333;246.6666667;264;186;251.3333333;132.3333333;235.6666667;249;249;193.3333333;268.6666667;272;196;255.3333333;4.333333333;2.5;2.5;4;2.5;4;3;2.5;1;3;2.666666667;3;2.833333333;1;3;2;5;3;1;1.666666667;3;4.333333333;7;2.333333333;5;2.666666667;1;3;2;3;3
MOSCATO DE ALEXANDRIA;2;4;0;VITIS VINIFERA LINNÉ SUBSP. SATIVA;HEPTAKILO;MUSCAT A PETITS GRAINS BLANCS;132.3333333;227.3333333;249;249;178.3333333;244.6666667;264;186;247.3333333;148.6666667;231.3333333;251;249;193.3333333;268.6666667;272;204;255.3333333;2.833333333;1.5;1.5;3.166666667;4;3.666666667;5;2;1;2;4;1;2.5;2;5;2;3;3;1;1;1;5.666666667;4;1.666666667;4.333333333;3.833333333;1;3;1.833333333;3;4
MOURVEDRE;2;3;3;VITIS VINIFERA LINNÉ SUBSP. SATIVA;VITIS VINIFERA;VITIS VINIFERA;132;225.6666667;249;240.6666667;178;243.6666667;239.6666667;188;251.6666667;150;240;249;262.6666667;188;257.6666667;255.6666667;204;261.6666667;4.666666667;4;3;4;4;3;9;2;2.5;3;9;3;2;4;2;2;3;1;1;6;1;5;5;2;5;3;6;1;1;3;2
NOAH;2.333333333;4;1;VITIS VINIFERA LINNÉ SUBSP. SATIVA;TAYLOR; Unknow ;126.6666667;249.6666667;235;239;184.3333333;245;250;180.6666667;249.3333333;132.6666667;249.6666667;255;249;186.3333333;245;270;206;262.6666667;7;2.333333333;2.666666667;4;3.333333333;4.333333333;8;1;1;2;9;2;1;1;5;2;3;3;1;4;1;1;4;1;4;3;1;3;3;3;2.5
PETITE ARVINE;2;3;4;VITIS VINIFERA LINNÉ SUBSP. SATIVA;Vitis vinifera;Vitis vinifera;132.3333333;237.6666667;257;241;184.3333333;236.6666667;240;194;239.3333333;150.3333333;237.6666667;262.6666667;249;188.3333333;244.6666667;250;194;250;5;2.333333333;1;4;3.666666667;3.666666667;2;1.5;1;1.5;1;3.5;1.5;1;3;3.5;6;2;9;1;1;3;6;1.5;3;2;1;1;1;3;1.5
PINOT BLANC;2;2;4;VITIS VINIFERA LINNÉ SUBSP. SATIVA;PINOT NOIR MUTATION;PINOT NOIR MUTATION;136.3333333;227.3333333;239.3333333;238.3333333;184.6666667;218.3333333;240;188.6666667;239.3333333;150.3333333;237.6666667;243.3333333;248.3333333;188.6666667;236.6666667;272;194.6666667;245.3333333;5;3.5;3;4.5;3.5;4;4;2;1;2.5;1;3;2.5;1;5;3;6;3;1;1;1;3;6;1.5;3;2;1;1.5;1;3;2
PINOT GRIS;2;2;4;VITIS VINIFERA LINNÉ SUBSP. SATIVA;PINOT NOIR MUTATION;PINOT NOIR MUTATION;136.3333333;227.3333333;239.3333333;238.3333333;184.6666667;218.3333333;240;188.6666667;239.3333333;150.3333333;237.6666667;243.3333333;248.3333333;188.6666667;236.6666667;272;194.6666667;245.3333333;5;4.5;3;5;3;3;4;2;1;3;1;3;2.333333333;1;5;3;4.666666667;3;1;1;1;3;6.666666667;2;3;2;4.333333333;1;1;3;2
PINOT NOIR;2;2;4;VITIS VINIFERA LINNÉ SUBSP. SATIVA; Unknow ;SAVAGNIN BLANC;136.3333333;227.3333333;239.3333333;238.3333333;184.6666667;218.3333333;240;188.6666667;239.3333333;150.3333333;237.6666667;243.3333333;248.3333333;188.6666667;236.6666667;272;194.6666667;245.3333333;5;3;2.333333333;3.5;3.666666667;2.666666667;4.666666667;1.5;2;2.333333333;2;3;2.166666667;1;7;2.5;5.666666667;2.5;1;3;1.666666667;3.333333333;7;1.833333333;4;2.166666667;6;1;1;3;2
PORTUGAIS BLEU;2;3;2;VITIS VINIFERA LINNÉ SUBSP. SATIVA;ZIMMETTRAUBE BLAU;SILVANER GRUEN;142.3333333;225.3333333;245;249;180.3333333;228.6666667;252;188;249.3333333;150.3333333;231.3333333;255;249;193.3333333;260.6666667;272;204;259.3333333;4.666666667;1.5;2.5;3.5;3.5;3.5;4;1;1;2.5;1;3.5;3;1;1;2;7;3;1;1;1;4;6;2;3;2.5;5.5;1;1;3;2
PRIE BLANC;2;2;2;VITIS VINIFERA LINNÉ SUBSP. SATIVA;Vitis vinifera;Vitis vinifera;132.3333333;227.3333333;233;239;184.3333333;234.6666667;252;194;239.3333333;154.3333333;237.6666667;247;249;188.3333333;244.6666667;272;196;251.3333333;5.666666667;3;2.333333333;4;3.333333333;3.333333333;5;1;1;2.5;3;3;2.5;1.5;3;3;4;2.5;1;1;4;5;4;1.5;4;3;1;1;1;3;2.5
RED GLOBE;2;4;0;VITIS VINIFERA LINNÉ SUBSP. SATIVA;OLMO L 12- 80;OLMO S 45- 48;133.6666667;235.3333333;239;248.3333333;179.3333333;257.3333333;251.3333333;186;247.6666667;149.6666667;237.3333333;249;253;179.3333333;257.3333333;271.3333333;188;259.6666667;7;1;2.5;4;2;2;1;2;1;4;1;3;3;1;5;3;3;2;1;1;1;8;3;3;9;5;4;3;1;3;4
REGINA;3;4;0;VITIS VINIFERA LINNÉ SUBSP. SATIVA;VITIS VINIFERA;VITIS VINIFERA;132.3333333;227.3333333;240.3333333;245.6666667;182.6666667;234.6666667;256;186.6666667;245.3333333;137.6666667;232.6666667;248.3333333;250.3333333;185.3333333;254.6666667;268.6666667;189.3333333;251.3333333;7;1.333333333;2;4.333333333;3.5;3.5;2;1.5;1;2;1;2.5;2.5;2;1;5;3;1;1;1;1;7;5;1.833333333;8;6.333333333;1;3;1;3;3.5
RIESLING;2;1;3;VITIS VINIFERA LINNÉ SUBSP. SATIVA; Unknow ;HEUNISCH WEISS;137;225.6666667;248;250;183;236.6666667;245.6666667;194.3333333;248.6666667;150.3333333;236.6666667;257;260;188.3333333;245.6666667;271.6666667;199;250.3333333;5;2.166666667;2.333333333;4.166666667;3.333333333;3.833333333;9;2;2;1;4;4;3;4;7;2.5;6;2;1;4;4;3;7;3;2;2;1;1;3.666666667;3;2
SANGIOVESE;2;3;2;VITIS VINIFERA LINNÉ SUBSP. SATIVA;GAGLIOPPO N;FOGLIA TONDA N;133;189.6666667;239;241.6666667;179.3333333;235.6666667;252.6666667;195;243;133;236.3333333;263;241.6666667;185.3333333;245.6666667;256.6666667;197;259;5;3.333333333;3;4.666666667;4;3.666666667;5;1;1;1.5;4;2.5;3;1;2;3;3;1;1;3;3;6.333333333;6.333333333;2.666666667;5;2.833333333;6;1;1;3;2.666666667
SAUVIGNON BLANC;2;1;3;VITIS VINIFERA LINNÉ SUBSP. SATIVA;SAVAGNIN BLANC; Unknow ;133;228.3333333;239;241.6666667;175.3333333;235.6666667;240.6666667;188.3333333;245;151;232.3333333;257;249.6666667;189.3333333;237.6666667;256.6666667;194.3333333;247;5;2;2.833333333;3.333333333;3.166666667;3.166666667;7;1.333333333;1;1.5;5;3.5;3;1;5.666666667;3;3.666666667;2;1;5;3;3.666666667;6.333333333;2.5;4;3.333333333;1;1;4.333333333;3;2
SEMILLON;2;1;2;VITIS VINIFERA LINNÉ SUBSP. SATIVA;VITIS VINIFERA;VITIS VINIFERA;132.3333333;236;239;240.6666667;174.3333333;233.6666667;239.6666667;188.3333333;247.3333333;132.3333333;238;257;248.6666667;184.3333333;243.6666667;271.6666667;182.3333333;251.3333333;4.666666667;3.166666667;3.166666667;4.166666667;3;3.5;7.333333333;1;1;2;6;2.5;2.5;2;5;2.5;3;1;1;2;1;5;5;2;6;2.333333333;1;1;3;3;2.666666667
SYRAH;2;2;4;VITIS VINIFERA LINNÉ SUBSP. SATIVA;MONDEUSE BLANCHE;DUREZA;132;226.3333333;240.3333333;242.6666667;189.3333333;220;239.6666667;187.6666667;244.6666667;132;232.3333333;240.3333333;242.6666667;191.3333333;228.6666667;271.6666667;193.6666667;250.6666667;5;3.333333333;3;4.666666667;3.5;3.666666667;8;1.5;1;1.666666667;6.333333333;2.5;3;1;3;3;2;1;1;3.666666667;3;5.333333333;6;2.666666667;4;2.5;6;1;1;3;3
TANNAT;2;1;3;VITIS VINIFERA LINNÉ SUBSP. SATIVA;VITIS VINIFERA;VITIS VINIFERA;142.3333333;238;249;254.6666667;184.3333333;233.6666667;239.6666667;194.3333333;239.3333333;154.3333333;240;249;254.6666667;188.3333333;243.6666667;255.6666667;200.3333333;251.3333333;5;2.333333333;2;4.666666667;4;4;9;1.5;2;4;9;3;2.5;4;6;2;6.333333333;1;9;5;1;6;6;2;5;2.333333333;6;1.5;1;3;2.5
TEMPRANILLO;2;1;3;VITIS VINIFERA LINNÉ SUBSP. SATIVA;ALBILLO MAYOR;BENEDICTO;141.6666667;235.3333333;239;240.3333333;181.3333333;257.3333333;249.3333333;197.6666667;247.6666667;143.6666667;235.3333333;253;254.3333333;181.3333333;257.3333333;251.3333333;200;251.6666667;4.333333333;1;3;5;5;5;8;2;1;1.5;5;3.5;2.5;1;7;2;9;2;9;7;5;6;5;2;5;2;6;2;2;3;2.666666667
TERRANO;2;2;3;VITIS VINIFERA LINNÉ SUBSP. SATIVA; Unknow ;REFOSCO NOSTRANO;134.3333333;225.3333333;247;241;188.3333333;218.3333333;250;192;239.3333333;154.3333333;227.3333333;249;255;188.3333333;241;265.3333333;194;251.3333333;5;1;2;3.666666667;3.666666667;2.666666667;9;3;1;3;9;3.5;1.5;4;5;2;3.5;3;1;7;5;6.5;4;2;5;3;6;1;1;3;3
THOMPSON SEEDLESS;2;3;1;VITIS VINIFERA LINNÉ SUBSP. SATIVA;VITIS VINIFERA;VITIS VINIFERA;144.3333333;233.6666667;239;239;180.3333333;218.3333333;250;188;247.3333333;150.3333333;233.6666667;253;249;193.3333333;244.6666667;250;188;259.3333333;5.666666667;1.333333333;1.5;3.833333333;3.833333333;4.333333333;5;1;1.5;2;3;2;2;1;7;2.666666667;4.333333333;1;1;3;1;7;4.333333333;2.333333333;4;2.666666667;1;3;1;2;2.666666667
TREBBIANO DI SPAGNA;3;3;1;VITIS VINIFERA LINNÉ SUBSP. SATIVA;ALBANA BIANCA; Unknow ;143;227.6666667;247;250.6666667;182.6666667;234.6666667;248.6666667;194;251;147;234.6666667;258;257.6666667;192;244.6666667;260.6666667;197;251;5;4;3;5;4;3;5;2;1;3;7;2;2.5;1;3;2;3;1;1;3;3;6;4;2;3;2;1;1;1;3;3
TREBBIANO TOSCANO;3;1;3;VITIS VINIFERA LINNÉ SUBSP. SATIVA;VITIS VINIFERA;VITIS VINIFERA;132.3333333;225.3333333;249;241;178.3333333;244.6666667;250;194;245.3333333;142.3333333;231.3333333;253;255;182.3333333;248.6666667;272;200;251.3333333;5;2.666666667;2.5;4.333333333;3.333333333;3.833333333;6;2;1;1.5;7;3;3;1;7;3;6;3;1;5;3;7;5;2.833333333;3;2;1;1;1;3;2
VERDOT PETIT;3;1;3;VITIS VINIFERA LINNÉ SUBSP. SATIVA;VITIS VINIFERA;VITIS VINIFERA;142.3333333;225.6666667;239;248.6666667;178.3333333;217;239.6666667;194.3333333;251.3333333;154.3333333;231.6666667;262.6666667;254.6666667;188.3333333;235.6666667;239.6666667;204.3333333;255.3333333;5;3;3;5;5;4;8.333333333;1;1;2.5;5;2.166666667;2.5;1;6;2.333333333;3.333333333;2.5;1;6;2;5;5;1.5;4;3;6;2;2;3;2
VERIGO;2;3;0;VITIS VINIFERA LINNÉ SUBSP. SATIVA;VITIS VINIFERA;VITIS VINIFERA;145;233;239;239.3333333;194.3333333;249;250.3333333;192;251;151;241;251;249.3333333;194.3333333;259;256.3333333;204;257;7;1;3;5;5;5;5;2;2;2;3;2;3;1;3;3;3;3;1;1;1;7;1;2;7;7;2.5;1;1;3;3
VERMENTINO;2;1;2;VITIS VINIFERA LINNÉ SUBSP. SATIVA;Vitis vinifera;Vitis vinifera;132.3333333;233.6666667;249;241;178.3333333;236.6666667;250;200;249.3333333;150.3333333;237.6666667;249;249;180.3333333;244.6666667;256;204;259.3333333;5.666666667;5;4;2.5;3;4;5;2.5;1;1.5;7;3;3.5;2;6;3;5;3;1;5;3;5;5;5;5;2.5;1;1;1;3;3
