Prime name;Ward cluster;Kmeans cluster;End of maturation;Species_str;Species;Parent 1_str;Parent 1;Parent 2_str;Parent 2;VVS2 Allele 1;VVMD5 Allele 1;VVMD7 Allele 1;VVMD25 Allele 1;VVMD27 Allele 1;VVMD28 Allele 1;VVMD32 Allele 1;VRZAG62 Allele 1;VRZAG79 Allele 1;VVS2 Allele 2;VVMD5 Allele 2;VVMD7 Allele 2;VVMD25 Allele 2;VVMD27 Allele 2;VVMD28 Allele 2;VVMD32 Allele 2;VRZAG62 Allele 2;VRZAG79 Allele 2;Utilization;Anthracnose;Downy mildew;Mildew;Botrytis;Sour Rot;OIV 004;OIV 007;OIV 008;OIV 51;OIV 053;OIV 067;OIV 068;OIV 70;OIV 075;OIV 076;OIV 079;OIV 80;OIV 081-1;OIV 084;OIV 087;OIV 202;OIV 204;OIV 208;OIV 220;OIV 223;OIV 225;OIV 235;OIV 236;OIV 241;Berry size
ALICANTE HENRI BOUSCHET;3;1;-0.382450855;VITIS VINIFERA LINNÉ SUBSP. SATIVA;0.125988158;GRENACHE;-0.754523033;PETIT BOUSCHET;-0.45371381;-0.547610465;-0.388327648;-0.453584589;-2.3996248;0.49725198;0.868966972;-0.203241377;-0.597550088;-0.219409809;-0.07189786;0.476302813;-1.046316864;-2.693140851;0.945739269;1.009537554;-0.176119312;1.796051019;1.531326988;-0.10275155;-0.875139542;-0.141686765;0.486541385;0.763708707;0.186009859;1.143756767;-0.340604617;-0.216337327;-0.295444397;1.049671742;0.715449882;-0.789054981;0.069533329;-1.531280025;-0.750657787;-0.39590713;-0.102063912;-0.391347867;0.419477396;0.220326325;0.129251589;0.381249754;-0.130098939;-0.316387598;-0.547749174;1.049955324;0.699350453;-0.543989049;0.210770722;-0.033135071
ALZANO;1;1;-0.382450855;VITIS VINIFERA LINNÉ SUBSP. SATIVA;0.125988158; Unknow ;1.169360398; Unknow ;0.938503908;-0.423550041;-0.422750043;-0.453584589;-0.014334676;-0.477666563;1.231863457;0.454438584;1.095875992;0.775708694;-1.561895415;-0.121410521;0.164792935;0.153506316;-0.757075169;0.33363224;-0.976836622;-0.212321273;1.021216762;-0.10275155;1.982458963;1.632477948;-1.88442171;-2.246333822;0.735454364;-0.184744741;-1.083741964;-0.510924325;-0.295444397;1.534718613;-1.06083948;0.49483109;-0.693346619;-1.531280025;-0.934024574;-0.767160703;-0.102063912;-0.391347867;1.606065387;-0.837240034;-1.374766898;-0.717848636;-0.130098939;0.297212592;0.048440403;-1.096918181;0.202034575;-0.543989049;0.210770722;-0.26876224
AUBUN;1;3;1.948678167;VITIS VINIFERA LINNÉ SUBSP. SATIVA;0.125988158;VITIS VINIFERA;0.784583711;VITIS VINIFERA;0.739615663;-0.547610465;0.231275469;2.102464414;-0.12442499;-0.616940641;0.838725599;-0.970534665;0.813638312;0.775708694;-1.64954233;0.028017813;1.073125284;-0.158930568;1.100540582;0.855922709;-0.145322493;0.300454631;-0.445350139;-0.10275155;0.26789986;0.449701472;0.960734004;-0.52630952;0.186009859;0.346655862;1.145670076;0.078249672;0.033398062;1.534718613;0.123353428;1.564736148;-0.693346619;-0.142413111;0.166176151;0.903480374;1.050657918;2.555271368;0.716124394;-0.837240034;-0.085608195;0.381249754;-0.130098939;-0.929987788;-0.428511258;1.049955324;-0.129509343;-0.543989049;0.210770722;0.438119267
BACO BLANC;1;2;1.948678167;VITIS VINIFERA LINNÉ SUBSP. SATIVA;0.125988158;FOLLE BLANCHE;-1.139299719;NOAH;-0.752046178;-2.160395977;-0.353905252;-1.183884304;-0.381302387;-0.268755447;0.748001477;0.089060828;1.448673092;-0.440547254;-1.693365788;-2.213407191;-1.651871764;-1.235102058;-0.524873201;0.763753803;0.747785276;1.069618488;-0.76416903;2.932371144;1.553819188;1.238219123;0.960734004;0.763708707;0.552306196;0.612356164;-1.083741964;-0.510924325;-1.281971774;0.807148307;-1.06083948;-0.147111946;-0.693346619;1.072845439;-0.017190637;-0.767160703;-0.102063912;2.555271368;-1.063757594;-0.837240034;-0.085608195;-0.058389602;-0.724836948;-0.929987789;-0.666987089;-1.096918181;-0.79259718;1.020743497;0.210770722;-0.975643745
BARBASSESE;1;1;-0.382450855;VITIS VINIFERA LINNÉ SUBSP. SATIVA;0.125988158;CROVIN;-1.331688062;TIMORASSO;0.64017154;-0.547610465;-0.388327648;1.12873146;-0.197818532;-0.05984433;0.657277357;0.49097636;1.095875992;0.057011997;-1.12366084;-1.092694689;0.265718752;0.049360688;-0.602273857;1.224598335;0.532207539;0.300454631;1.212508097;-0.10275155;0.26789986;0.449701472;0.012348766;0.333702632;-0.180286478;0.479506013;-0.340604617;-0.216337327;-0.624286856;0.68588659;0.123353428;0.066869066;-0.184759987;0.552020346;-0.017190637;-0.210280344;-0.102063912;-0.391347867;0.271153897;0.396587384;-0.085608195;0.82088911;-0.328344942;-0.316387598;-0.070797512;-1.096918181;-0.295281303;-0.543989049;0.210770722;0.438119267
BEAUJOLAIS;2;4;-0.382450855;VITIS VINIFERA LINNÉ SUBSP. SATIVA;0.125988158;HEUNISCH WEISS;-0.465940518;PINOT NOIR;-0.354269687;-0.547610465;0.472232237;-0.453584589;-0.344605616;-0.199118408;-1.550342924;-0.970534665;0.672519472;-0.495831616;-1.12366084;0.476302813;-0.137984515;-1.200386848;0.016931393;-0.250104168;0.778582096;0.813230536;-1.593098149;-0.10275155;-0.160739916;0.055442647;0.170412972;-0.382974161;-0.546582815;-0.317594892;0.402532729;-0.510924325;-0.295444397;0.807148307;0.123353428;0.49483109;-0.311906645;0.204803617;0.166176151;0.346600015;1.050657918;-0.391347867;0.716124394;1.277892683;-0.730187547;1.260528466;0.068147064;0.297212592;-0.070797512;1.049955324;0.202034575;-0.543989049;0.210770722;-0.975643746
BOUSCHET PETIT;2;1;-0.382450855;VITIS VINIFERA LINNÉ SUBSP. SATIVA;0.125988158;TEINTURIER;0.68838954;ARAMON NOIR;-2.144263896;-0.547610465;0.472232237;-0.453584589;-0.12442499;-0.199118408;-0.128998359;0.125598604;-0.597550088;-0.716969061;0.366336715;0.177446146;-1.046316864;0.049360688;0.403934675;1.040260522;0.101052064;-0.212321273;-0.700405252;-0.10275155;-0.589379692;-0.141686765;0.644605591;0.763708707;-0.363434647;0.213805712;1.888807423;-0.510924325;0.691082981;0.807148307;0.123353428;0.49483109;2.358173173;-0.142413111;0.166176151;-0.767160703;1.050657918;-0.391347867;-0.618787097;-0.308456855;0.344111373;-0.498028958;0.46463907;-0.929987788;-0.666987089;1.049955324;1.19666633;-0.543989049;0.210770722;-0.26876224
CABERNET FRANC;1;3;1.948678167;VITIS VINIFERA LINNÉ SUBSP. SATIVA;0.125988158;VITIS VINIFERA;0.784583711;VITIS VINIFERA;0.739615663;0.56893335;-0.388327648;-0.453584589;-0.344605616;-0.199118408;-0.612860339;-0.970534665;0.672519472;0.16758072;0.191042885;0.924587814;1.930994726;0.465943201;0.016931393;-1.171793233;-0.514884328;0.813230536;1.08498054;-0.10275155;-0.017859991;0.449701472;0.644605591;0.763708707;0.735454364;-0.184744741;0.40253273;-0.510924325;0.691082981;0.079578002;0.123353428;0.49483109;0.832413277;0.552020346;1.266376876;0.717853587;1.050657918;-0.391347867;0.271153897;-0.308456855;-0.730187547;0.161430076;0.068147064;-1.543587979;-0.666987089;1.049955324;-0.461053262;1.80310977;0.210770722;-0.975643746
CABERNET SAUVIGNON;1;3;1.948678167;VITIS VINIFERA LINNÉ SUBSP. SATIVA;0.125988158;CABERNET FRANC;-1.620270577;SAUVIGNON BLANC;0.242395049;0.56893335;0.231275469;-0.453584589;-0.344605616;-1.452585107;-0.068515612;-0.970534665;-0.597550088;0.16758072;0.716924375;0.924587814;-1.651871764;-0.158930568;0.016931393;-1.171793233;-2.177912587;-0.468709225;-1.210515479;-0.10275155;0.125019935;0.25257206;0.170412972;0.907044066;0.552306196;0.213805712;-1.083741964;-0.510924325;-0.295444397;0.079578002;0.123353428;1.350755137;1.086706593;0.552020346;0.166176151;0.346600015;-1.254785742;-0.391347867;0.122830398;-0.308456855;-0.085608195;-0.717848636;-0.130098939;-0.929987788;-0.90546292;1.049955324;-0.79259718;1.80310977;0.210770722;-0.975643746
CANINA BIANCA;3;3;-0.382450855;VITIS VINIFERA LINNÉ SUBSP. SATIVA;0.125988158;Vitis vinifera;0.976972054;Vitis vinifera;0.839059785;3.298262678;0.300120259;1.007014841;-0.271212074;0.009792709;0.052449883;-0.020552499;0.672519472;0.444002527;1.593393525;-0.793838022;1.073125284;-0.922665173;0.249133362;-1.048901357;0.840175735;0.813230536;1.021216762;-0.10275155;-0.589379692;0.449701472;-0.936036472;0.333702632;0.186009859;0.213805712;0.402532729;-0.510924325;0.197819292;0.443363154;0.123353428;0.49483109;0.069533329;-0.48962984;-0.934024574;0.346600015;1.050657918;1.081961751;-0.618787097;0.749109504;-0.085608195;-0.058389602;-0.130098939;-0.316387598;-0.309273343;-1.096918181;0.202034575;-0.543989049;0.210770722;-0.26876224
CARDIN;3;4;-2.713579878;VITIS VINIFERA LINNÉ SUBSP. SATIVA;0.125988158;BOTTAGERA;-1.81265892; Unknow ;0.938503908;-0.051368769;0.403387446;1.007014841;1.526929711;-0.477666563;0.143174004;0.235211931;2.789302072;0.444002527;-0.77307318;-0.121410521;-0.137984515;0.570088829;1.332742551;1.070983491;0.870972554;0.813230536;-0.891696587;-0.10275155;0.26789986;-0.733075003;-0.936036472;-2.246333822;0.186009859;-0.981845646;-1.083741964;-0.510924325;-1.281971774;-0.284207151;0.123353428;0.49483109;-0.311906645;1.072845439;2.366577601;-0.210280344;-0.102063912;-0.391347867;-1.063757594;0.749109504;-0.730187547;-0.058389602;-0.130098939;0.297212592;-0.666987089;1.049955324;-0.79259718;-0.543989049;0.210770722;0.438119267
CARIGNAN;3;1;1.948678167;VITIS VINIFERA LINNÉ SUBSP. SATIVA;0.125988158;CASTELLANA BLANCA;-1.524076405; Unknow ;0.938503908;1.313295894;-0.388327648;-0.453584589;-0.12442499;-0.199118408;1.201622083;0.125598604;-1.020906608;0.830993055;-0.07189786;-1.839836357;-1.651871764;0.084075898;-0.911876482;0.794476772;-1.069227081;-1.237873081;1.08498054;-0.10275155;-1.018019468;-0.733075003;-0.936036472;-0.096303444;-0.912879153;0.612356164;-0.092892169;0.962010667;0.197819292;0.807148307;-1.06083948;0.922793113;0.069533329;0.552020346;-0.934024574;0.160973228;-0.678424827;-0.391347867;0.271153897;-0.308456855;0.344111373;1.260528466;-0.130098939;0.501745989;-0.309273343;1.049955324;1.19666633;-0.543989049;0.210770722;0.673746436
CARMENERE;1;3;-0.382450855;VITIS VINIFERA LINNÉ SUBSP. SATIVA;0.125988158;GROS CABERNET N;-0.658328861;CABERNET FRANC N;-1.746487405;0.382842715;-0.353905252;-0.210151351;-0.234515303;-1.452585107;0.052449883;-1.080147992;-0.668109508;0.112296359;0.059572513;0.55101698;2.132846359;0.570088829;0.016931393;-0.065766355;-2.270303045;0.770499211;-1.274279257;-0.861532223;1.696699113;2.026736773;0.960734004;1.193714783;1.28489887;0.612356164;0.402532729;1.256597665;0.691082981;-0.647992303;0.123353428;0.49483109;0.069533329;-0.48962984;-0.200557424;1.460360732;-1.254785742;2.555271368;-0.1738166;0.220326325;-0.085608195;-1.37730767;-0.724836948;0.297212592;1.479295388;1.049955324;0.202034575;1.80310977;0.210770722;-0.975643746
CENTENNIAL SEEDLESS;5;0;-0.382450855;VITIS VINIFERA LINNÉ SUBSP. SATIVA;0.125988158;GOLD;-0.946911376;OLMO Q 25- 6;-0.652602055;-0.361519829;0.713189004;-0.210151351;-0.234515303;-0.616940641;-1.550342924;1.550571853;-0.668109508;0.112296359;-1.518071958;0.55101698;-1.450020131;0.570088829;1.255341895;-1.23323917;0.686191637;-1.280604406;0.256051422;0.908956015;-0.589379692;-0.733075003;0.960734004;-1.386321671;-2.011768164;-0.981845646;0.402532729;-0.510924325;1.677610358;-1.375562608;0.123353428;1.136774125;2.358173173;-0.48962984;0.349542939;-0.210280344;-0.486304522;2.555271368;-1.063757594;-0.484717914;1.84812986;-0.717848636;-0.130098939;2.751613353;0.048440403;-1.096918181;1.19666633;1.80310977;-3.643322485;1.851882279
CHARDONNAY;2;4;-0.382450855;VITIS VINIFERA LINNÉ SUBSP. SATIVA;0.125988158;HEUNISCH WEISS;-0.465940518;PINOT NOIR;-0.354269687;0.196752079;0.472232237;-0.453584589;-0.344605616;-0.199118408;-1.550342924;-0.970534665;-0.597550088;-0.495831616;-0.334838605;0.476302813;-1.046316864;0.465943201;0.016931393;-1.909144484;0.778582096;-0.212321273;-1.593098149;-0.10275155;-0.160739916;-0.141686765;-0.936036472;-0.096303444;0.735454364;-0.317594892;-0.092892169;1.256597665;-0.788708086;-0.284207151;0.123353428;-0.789054981;-0.439053303;-0.48962984;-0.934024574;-0.767160703;-1.254785742;-0.391347867;-0.1738166;-0.132195795;-0.94504733;1.260528466;-0.130098939;-0.316387598;-0.190035428;-1.096918181;-0.79259718;-0.543989049;0.210770722;-0.975643746
CHASSELAS;3;2;-0.382450855;VITIS VINIFERA LINNÉ SUBSP. SATIVA;0.125988158;VITIS VINIFERA;0.784583711;VITIS VINIFERA;0.739615663;-0.547610465;-0.181793276;-0.453584589;-0.12442499;0.636526058;-1.550342924;-0.970534665;0.672519472;0.830993055;-0.334838605;0.028017813;-0.440761965;0.465943201;0.016931393;1.777611774;-2.177912587;0.813230536;1.08498054;-1.367386005;0.26789986;-0.338816178;0.486541385;0.333702632;1.101750701;-0.981845646;0.402532729;2.14035866;1.677610358;-1.133039173;0.123353428;0.49483109;0.323826645;-0.836846568;0.166176151;0.160973229;0.474297003;-0.391347867;-1.063757594;0.220326325;0.129251589;-0.27820928;-0.130098939;0.092679195;-0.547749174;-1.096918181;-0.79259718;-0.543989049;0.210770722;0.438119267
CHATUS;2;3;-0.382450855;VITIS VINIFERA LINNÉ SUBSP. SATIVA;0.125988158;Vitis vinifera;0.976972054;Vitis vinifera;0.839059785;-0.547610465;-0.388327648;-0.453584589;-0.344605616;-0.616940641;-1.550342924;-0.970534665;-0.597550088;0.830993055;-1.12366084;-1.839836357;-0.137984515;-0.992095592;1.177941238;-1.171793233;0.778582096;-0.468709225;-0.445350139;-0.10275155;0.26789986;2.223866186;0.486541385;-0.52630952;-0.912879152;1.010906617;1.145670076;0.37283667;-0.295444397;0.807148307;0.123353428;-0.147111946;0.069533329;0.031195253;-0.934024574;0.346600015;1.050657918;-0.391347867;0.716124394;2.335459041;-0.085608195;1.260528466;-0.130098939;-0.929987788;0.048440403;1.049955324;-0.79259718;-0.543989049;0.210770722;-1.682525252
CHENIN BLANC;1;3;-0.382450855;VITIS VINIFERA LINNÉ SUBSP. SATIVA;0.125988158;SAVAGNIN BLANC;0.303612854; Unknow ;0.938503908;-0.547610465;-0.14737088;-0.453584589;-0.161121761;-1.452585107;-0.159239734;0.746740789;-0.526990668;-2.762490428;0.716924375;-0.868552189;1.073125284;-0.193645777;0.016931393;-0.157935262;0.747785276;-0.4259779;-0.445350139;-0.10275155;-0.160739916;-0.141686765;0.012348766;-0.52630952;-2.011768163;1.409457069;-0.340604617;2.14035866;-1.281971774;0.443363155;2.491739243;-0.147111946;2.358173173;-0.48962984;0.166176151;-0.767160703;-1.254785742;-0.391347867;1.161094891;0.749109504;-0.085608195;1.260528466;-0.130098939;0.297212592;0.763867895;-1.096918181;-0.79259718;-0.543989049;0.210770722;-0.975643746
CLAIRETTE BLANCHE;1;3;1.948678167;VITIS VINIFERA LINNÉ SUBSP. SATIVA;0.125988158;VITIS VINIFERA;0.784583711;VITIS VINIFERA;0.739615663;-0.051368769;-0.181793276;-0.453584589;-0.197818532;-0.616940641;-0.612860339;0.637127462;-0.879787768;0.388718165;0.45398363;-0.345553021;-0.642613598;0.465943201;0.481335331;0.855922709;-0.453290689;0.471379933;-0.445350139;-0.735068777;0.26789986;0.449701472;0.012348766;-0.52630952;1.28489887;1.010906617;-0.340604618;-0.510924325;0.691082981;1.17093346;2.491739243;0.708812102;1.086706593;0.031195253;-0.567290999;2.017241091;-0.102063912;-0.391347867;2.051035884;0.220326325;0.344111373;0.381249754;-0.724836948;-0.316387598;0.64462998;-1.096918181;1.19666633;-0.022411534;0.210770722;-0.26876224
CLAIRETTE ROSE;1;3;1.948678167;VITIS VINIFERA LINNÉ SUBSP. SATIVA;0.125988158;CLAIRETTE BLANCHE MUTATION;-1.427882233;CLAIRETTE BLANCHE MUTATION;-1.54759916;0.196752079;-0.285060462;-0.453584589;-0.161121761;-0.547303602;-0.70358446;0.746740789;-1.020906608;0.830993055;0.716924375;-0.719123855;-0.137984515;1.264393016;0.558735988;0.763753803;-0.176119312;0.813230536;-0.445350139;-0.987995668;1.125179412;-0.733075003;0.960734004;1.193714783;0.186009859;1.010906617;-0.340604618;-0.510924325;0.691082981;1.17093346;2.491739243;0.708812102;1.086706593;0.031195253;-0.567290999;2.017241091;-0.102063912;-0.391347867;2.051035884;0.220326325;0.344111373;0.381249754;-0.724836948;-0.316387598;0.64462998;-0.66754348;1.19666633;-0.022411534;0.210770722;-0.26876224
COLOMBARD;1;1;-0.382450855;VITIS VINIFERA LINNÉ SUBSP. SATIVA;0.125988158;HEUNISCH WEISS;-0.465940518;CHENIN;-1.647043282;0.196752078;0.403387446;-0.697017827;0.279239493;-0.756214719;0.536311862;0.564051911;0.884197732;-0.108841086;-0.07189786;0.700445314;-1.550945947;-0.297791405;-1.531081733;-0.18865823;0.655394817;0.428648607;0.000996309;-1.367386005;-0.589379692;-0.733075003;0.012348766;-0.52630952;0.186009859;1.409457069;-1.083741964;-0.510924325;-0.295444397;0.807148307;0.123353428;-0.147111946;-0.693346619;-1.010454933;-0.934024574;0.346600015;-0.102063912;-0.391347867;0.716124393;-0.837240034;-0.085608195;-0.058389602;-0.130098939;0.297212592;0.048440403;-1.096918181;-0.79259718;0.499165982;0.210770722;0.438119267
CRIMSON SEEDLESS;4;0;-0.382450855;VITIS VINIFERA LINNÉ SUBSP. SATIVA;0.125988158;EMPEROR;-1.23549389;FRESNO C 33- 199;-1.249266792;-0.299489617;-0.250638066;-0.453584589;0.682903975;2.30781499;0.717760104;1.587109629;-0.597550088;0.222865082;0.62927746;-0.046696354;-0.137984515;0.396512782;0.945739269;0.733030834;0.716988457;0.813230536;0.766161649;1.414809797;-1.446659243;-0.733075003;-1.88442171;1.193714783;1.28489887;0.612356164;0.402532729;-0.510924325;1.677610358;-1.375562608;-1.06083948;-2.072941051;-0.693346619;-1.531280025;0.166176151;-0.767160703;-1.254785742;-0.391347867;-0.1738166;0.220326325;-0.085608195;0.601069432;-0.130098939;0.297212592;1.479295388;0.620580623;4.180561594;2.585476043;0.210770722;0.438119267
EMPEROR;4;1;1.948678167;VITIS VINIFERA LINNÉ SUBSP. SATIVA;0.125988158;BEBA;-1.908853091; Unknow ;0.938503908;-0.547610465;0.713189004;0.276715126;-0.381302387;-0.199118408;1.201622083;0.344825257;-0.597550088;0.16758072;-1.386601585;0.102731979;-0.137984515;0.431227991;1.100540582;0.855922709;0.778582096;0.813230536;0.70239787;-1.620312896;-1.160899393;-0.733075003;0.328477179;0.620373349;1.28489887;0.080955561;-1.083741964;-0.510924325;0.691082981;0.564624872;0.123353428;-0.147111946;-0.693346619;-0.142413111;-0.934024574;1.460360732;0.666417308;-0.391347867;0.419477396;0.925370564;1.203550508;-0.058389602;-0.130098939;1.524412973;-0.070797512;-0.381293679;0.202034575;-0.543989049;0.210770722;0.438119267
FRANCA;4;0;-0.382450855;VITIS VINIFERA LINNÉ SUBSP. SATIVA;0.125988158;MUSCAT HAMBURG;-0.177358004;AFUS ALI;-2.243708019;-0.175429193;-0.388327648;-0.453584589;1.416839398;-0.616940641;0.11293263;2.537091795;-0.597550088;0.830993055;-1.386601585;0.476302813;-0.440761965;0.465943201;-0.911876482;0.855922709;0.778582096;-0.725097177;0.3198152;1.414809797;-0.589379692;-1.127333829;0.012348766;1.193714783;1.28489887;-1.380396099;0.402532729;0.37283667;1.677610358;-1.011777456;0.123353428;0.49483109;-0.311906645;0.031195253;0.166176151;-0.767160703;-1.254785742;-0.391347867;-1.063757594;-0.837240034;-0.730187547;0.601069432;-0.130098939;0.910812783;0.763867895;0.620580623;1.19666633;-0.543989049;0.210770722;1.851882279
FREISA;3;2;-0.382450855;VITIS VINIFERA LINNÉ SUBSP. SATIVA;0.125988158;Nebbiolo;-0.081163832; Unknow ;0.938503908;-0.547610465;-0.388327648;1.007014841;-0.344605616;0.636526058;0.838725599;-0.970534665;0.672519472;0.830993055;1.242805865;-0.943266355;-0.137984515;-0.992095592;0.016931393;1.777611774;0.778582096;0.300454631;-0.445350139;-0.10275155;-0.589379691;2.815254424;0.012348766;0.620373349;0.186009859;-0.981845646;-1.083741964;-0.510924325;-1.281971774;-1.011777456;-1.06083948;-0.147111946;-0.693346619;-0.750042386;1.266376876;-1.88092142;-0.102063912;-0.391347867;-1.063757594;0.220326325;1.203550508;-0.717848636;-0.724836948;-0.316387598;0.048440403;1.049955324;-0.79259718;-0.543989049;0.210770722;-0.26876224
GABRIELLA;4;0;-0.382450855;VITIS VINIFERA LINNÉ SUBSP. SATIVA;0.125988158;APESORGIA BIANCA;-2.005047263;MUSCAT A PETITS GRAINS BLANCS;-0.950934423;-0.547610465;-0.181793276;-0.453584589;0.756297518;-0.616940641;0.838725599;1.66018518;-1.020906608;0.830993055;-1.12366084;-0.943266355;-0.137984515;0.465943201;-0.911876482;-0.250104168;0.778582096;-1.237873081;-0.190295026;1.414809797;-0.875139542;-1.915851479;-0.936036472;0.907044066;0.918602533;-0.981845646;0.402532729;0.078249672;1.677610358;-1.375562608;-1.06083948;-0.789054981;0.069533329;-0.48962984;1.266376876;-0.767160703;1.050657918;-0.391347867;-1.063757594;-0.837240034;1.203550508;-1.37730767;1.059377078;0.910812782;-0.309273343;-1.096918181;0.202034575;0.238377224;0.210770722;1.851882279
GEWUERZTRAMINER;1;3;-0.382450855;VITIS VINIFERA LINNÉ SUBSP. SATIVA;0.125988158;SAVAGNIN ROSE MUTATION;0.399807025;SAVAGNIN ROSE MUTATION;0.441283295;2.802020982;0.231275469;0.276715126;0.756297518;1.472170524;-0.068515612;-0.970534665;-0.597550088;-0.164125448;0.716924375;0.476302813;1.073125284;-0.158930568;0.016931393;-1.171793233;0.778582096;-0.468709225;-0.445350139;-0.355678441;-0.017859991;0.25257206;-0.14571544;0.047031915;0.00286169;0.745206315;0.402532729;-0.510924325;-0.295444397;0.807148307;0.123353428;-0.789054981;2.358173173;1.072845439;0.166176151;1.460360732;1.050657918;-0.391347867;-0.1738166;-0.484717914;-1.804486466;0.82088911;-0.526590945;-0.929987788;0.763867895;-0.66754348;-0.79259718;2.585476043;0.210770722;-0.975643746
GIOVANNA;4;0;-0.382450855;VITIS VINIFERA LINNÉ SUBSP. SATIVA;0.125988158;MUSCAT HAMBURG;-0.177358004;PIROVANO 62;-0.155381442;-0.175429193;0.231275469;-1.549034161;1.416839398;-0.616940641;0.838725599;2.537091795;-1.020906608;-0.495831616;-0.334838605;0.476302813;-0.137984515;0.465943201;1.255341895;-0.434441981;0.778582096;-0.212321273;0.3198152;1.414809797;-0.589379692;0.449701472;0.012348766;1.193714783;1.28489887;-1.247545948;0.402532729;-0.510924325;0.691082981;-0.647992303;-0.468743026;-0.147111946;0.069533329;-0.48962984;1.266376876;0.346600015;0.474297003;-0.391347867;0.271153897;1.277892683;0.344111373;-0.498028958;4.231313123;0.706279386;0.763867896;0.620580623;1.19666633;0.238377224;0.210770722;1.145000773
GOUAIS BLANC;3;4;-0.382450855;VITIS VINIFERA LINNÉ SUBSP. SATIVA;0.125988158;Vitis vinifera;0.976972054;Vitis vinifera;0.839059785;-0.547610465;0.472232237;-0.453584589;-0.344605616;-0.616940641;-0.612860339;0.125598604;1.095875992;-1.490950119;-0.334838605;0.924587814;-0.137984515;0.465943201;-1.840684358;-0.250104168;0.778582096;0.813230536;-1.975680818;-0.10275155;0.26789986;-1.915851479;-2.832806948;-2.246333822;0.186009859;-0.583295194;1.888807423;2.14035866;0.69108298;0.079578002;-0.468743026;-1.430998016;0.450973303;-0.48962984;0.166176151;-0.767160703;1.050657918;-0.391347867;-0.1738166;1.277892683;-0.085608195;-0.717848636;-1.319574956;0.297212592;-0.666987089;-1.096918181;-0.79259718;-0.543989049;0.210770722;0.438119267
GRAND NOIR;3;1;-0.382450855;VITIS VINIFERA LINNÉ SUBSP. SATIVA;0.125988158;GRACIANO;-0.850717204;BOUSCHET PETIT;-1.945375651;0.56893335;-0.388327648;-0.453584589;0.756297518;-0.199118408;0.11293263;-0.970534665;-0.597550088;-0.495831616;0.716924375;-0.420267188;-1.046316864;2.13227325;-1.37628042;-0.434441981;-1.254007998;-1.237873081;1.08498054;-0.10275155;0.26789986;0.449701472;-0.936036472;1.193714783;1.28489887;-0.583295194;1.888807423;3.024119655;-0.953129315;-0.284207151;-1.06083948;-0.789054981;0.832413277;0.552020346;0.166176151;-0.767160703;-1.254785742;-0.391347867;0.716124394;-0.837240034;0.77383094;-0.937668314;0.662885072;-0.929987788;-0.190035428;1.049955324;0.202034575;-0.543989049;0.210770722;0.438119267
GREC ROUGE;4;2;-0.382450855;VITIS VINIFERA LINNÉ SUBSP. SATIVA;0.125988158;Vitis vinifera;0.976972054;Vitis vinifera;0.839059785;-0.547610465;-0.250638066;0.520148364;-0.197818532;0.218703825;0.657277357;0.564051911;-0.315312408;-0.71696906;-0.77307318;-0.121410521;0.265718752;0.465943201;-1.066677795;0.855922709;-0.33010341;-0.041395971;-0.190295026;0.403102232;1.982458963;0.055442647;-1.88442171;-2.246333822;0.186009859;-1.380396099;0.402532729;-0.510924325;-1.281971774;-0.647992303;0.715449882;2.420660195;-0.693346619;-0.48962984;2.366577601;0.346600015;-1.254785742;-0.391347867;-1.063757594;1.806675862;0.558971157;-0.058389602;1.059377078;0.910812783;-0.666987089;-0.45285613;-0.79259718;-0.543989049;0.210770722;1.145000773
GRENACHE;3;2;-0.382450855;VITIS VINIFERA LINNÉ SUBSP. SATIVA;0.125988158;VITIS VINIFERA;0.784583711;VITIS VINIFERA;0.739615663;0.196752079;-0.388327648;-0.453584589;-0.12442499;2.516726107;0.838725599;-0.970534665;-0.597550088;1.826111558;-0.07189786;0.924587814;-1.046316864;0.465943201;1.177941238;-0.434441981;-1.254007998;-1.237873081;0.70239787;-0.10275155;-0.589379692;-0.141686765;0.802669798;-0.096303444;-0.363434647;-0.981845646;-1.083741964;-0.510924325;-1.281971774;-1.254300891;0.518084397;-1.430998016;-0.693346619;-1.531280025;-0.383924212;-0.767160703;-0.870545132;-0.391347867;-1.063757594;-0.837240034;-0.085608195;0.82088911;0.068147064;-0.316387598;1.121581642;1.049955324;0.202034575;-0.543989049;0.210770722;0.438119267
ISABEL;2;3;-0.382450855;VITIS INTERSPECIFIC CROSSING;-7.937253933;Vitis labrusca Linne;0.880777883;MESLIER PETIT;-1.050378546;-2.284456401;0.954145771;-1.183884304;-0.051031447;-0.408029524;-0.70358446;-0.057090274;2.577623812;-1.54623448;0.892218205;0.625731147;-0.137984515;-0.089500149;-1.144078451;-1.079624326;0.809378915;0.855961861;-1.274279257;-2.758483906;1.982458963;0.449701472;0.960734004;1.193714783;0.186009859;1.409457069;0.402532729;-0.510924325;-0.788708086;1.534718613;0.123353428;0.49483109;-0.693346619;0.552020346;-0.017190637;-0.767160703;1.050657918;-0.391347867;2.051035884;-0.837240034;-0.730187547;-1.37730767;-0.724836948;-0.929987788;-0.309273343;1.049955324;0.202034575;1.020743497;0.210770722;0.438119267
JACK'S SALUTE;5;0;-0.382450855;VITIS VINIFERA LINNÉ SUBSP. SATIVA;0.125988158;RED GLOBE;0.207418682;PRINCESS;-0.055937319;-0.299489617;0.644344213;-0.453584589;-3.867495645;-0.408029525;1.9878978;0.271749706;-0.597550088;0.222865082;0.62927746;0.401588646;-1.651871764;-3.908173178;0.945739269;0.733030834;-0.022135214;-1.237873081;0.893689205;1.414809797;-0.875139542;-0.338816178;0.644605591;0.047031915;-0.546582815;-1.778946551;-0.340604617;0.37283667;0.197819292;-1.375562608;0.123353428;0.49483109;-0.693346619;-0.48962984;0.166176151;0.903480374;1.050657918;2.555271368;-0.618787097;-0.837240034;1.203550508;-0.058389602;-0.130098939;1.524412973;1.121581642;0.620580623;1.19666633;-0.543989049;-5.570369089;0.438119267
MALBEC;3;1;-0.382450855;VITIS VINIFERA LINNÉ SUBSP. SATIVA;0.125988158;MAGDELEINE NOIRE DES CHARENTES;-0.369746347;PRUNELARD;0.043506804;-0.547610465;-0.181793276;-0.453584589;-0.344605616;1.472170524;-0.068515612;-0.970534665;-0.597550088;-0.164125448;0.716924375;0.476302813;1.930994726;-0.158930568;0.481335331;1.777611774;-1.069227081;0.556842583;1.08498054;-0.355678441;0.26789986;0.449701472;0.960734004;0.333702632;0.186009859;0.346655862;-0.340604617;0.667423668;0.033398062;0.200839719;-0.271377541;-0.575073969;1.086706593;0.378411982;-0.200557424;-0.767160703;-0.102063912;-0.391347867;0.419477396;-0.660978974;-0.085608195;-0.717848636;-0.724836948;-0.316387598;-0.428511258;1.049955324;-0.295281303;-0.152805912;0.210770722;0.438119267
MERLOT;3;2;-0.382450855;VITIS VINIFERA LINNÉ SUBSP. SATIVA;0.125988158;MAGDELEINE NOIRE DES CHARENTES;-0.369746347;CABERNET FRANC;-1.845931528;0.56893335;-0.388327648;-0.453584589;-0.344605616;1.472170524;-0.612860339;-0.970534665;0.672519472;1.604974114;0.716924375;0.028017813;-0.440761965;-0.158930568;0.481335331;-1.356131046;-2.177912587;-0.468709225;1.08498054;-0.10275155;0.696539636;0.449701472;0.644605591;0.907044066;0.186009859;-0.184744741;-1.083741964;-0.510924325;-0.788708086;-0.284207151;-0.271377541;-0.147111946;-0.693346619;-0.142413111;0.166176151;-0.767160703;-1.254785742;-0.391347867;0.271153897;0.220326325;-0.085608195;-0.058389602;-0.130098939;0.297212592;-0.666987089;1.049955324;-0.79259718;-0.152805912;0.210770722;-0.740016577
MONTANERA;3;2;-1.548015366;VITIS VINIFERA LINNÉ SUBSP. SATIVA;0.125988158;Bottagera;-1.716464748; Unknow ;0.938503908;0.817054198;0.300120259;1.007014841;1.416839398;-0.338392486;-0.431412097;-0.09362805;1.378113672;0.720424333;0.541630545;-0.644409688;-0.137984515;0.604804038;-0.215270575;0.855922709;0.778582096;-0.041395971;0.447342757;-0.10275155;0.26789986;-0.733075003;-0.936036472;-2.246333822;-0.912879152;-0.184744741;1.888807423;-0.510924325;-0.788708086;0.443363154;0.123353428;-0.789054981;-0.693346619;0.552020346;0.166176151;0.346600015;-0.102063912;-0.391347867;-0.1738166;2.86424222;0.558971157;-0.058389602;-0.724836948;0.297212592;-0.666987089;1.049955324;-0.295281303;-0.543989049;0.210770722;0.438119267
MOSCATEL DE HAMBURGO;4;0;-0.382450855;VITIS VINIFERA LINNÉ SUBSP. SATIVA;0.125988158;SCHIAVA GROSSA;0.496001197;MUSCAT OF ALEXANDRIA;-0.851490301;-0.175429193;0.231275469;2.6501892;0.756297518;-0.616940641;0.11293263;2.537091795;-1.020906608;-1.159243951;0.45398363;0.476302813;-0.137984515;0.465943201;-0.911876482;-0.434441981;0.778582096;-0.725097177;0.3198152;-0.355678441;-0.589379692;-0.338816178;-0.303779647;0.763708707;0.735454364;-1.778946551;-1.083741964;-0.510924325;0.691082981;-0.647992303;0.123353428;0.49483109;-0.693346619;-1.531280025;2.366577601;-0.767160703;-0.102063912;-0.391347867;-0.1738166;1.277892683;-0.085608195;-1.37730767;0.46463907;-0.929987788;-0.309273343;1.049955324;1.19666633;0.238377224;0.210770722;1.145000773
MOSCATO CANELLI;4;0;-0.382450855;VITIS VINIFERA LINNÉ SUBSP. SATIVA;0.125988158;VITIS VINIFERA;0.784583711;VITIS VINIFERA;0.739615663;-0.547610465;-0.181793276;-1.549034161;-0.12442499;-0.616940641;1.020173841;1.66018518;-1.020906608;0.830993055;-1.64954233;0.028017813;-0.137984515;-0.158930568;1.177941238;1.777611774;0.778582096;-0.212321273;0.3198152;-0.608605332;-0.160739916;-0.141686765;0.012348766;-0.956315595;0.186009859;-0.981845646;1.145670076;-0.510924325;0.691082981;-0.769254021;0.123353428;0.280850078;-0.693346619;-0.48962984;-0.934024574;0.346600015;1.050657918;-0.391347867;-0.767110596;0.220326325;-0.515327763;1.260528466;0.266393067;0.297212592;-0.190035428;-1.096918181;1.19666633;0.238377224;0.210770722;0.438119267
MOSCATO DE ALEXANDRIA;4;0;-0.382450855;VITIS VINIFERA LINNÉ SUBSP. SATIVA;0.125988158;HEPTAKILO;-0.56213469;MUSCAT A PETITS GRAINS BLANCS;-0.950934423;-0.547610465;-0.181793276;1.372164699;0.756297518;-0.616940641;0.838725599;1.66018518;-1.020906608;0.16758072;0.497807088;-0.943266355;0.164792935;-0.158930568;1.177941238;1.777611774;0.778582096;0.813230536;0.3198152;-1.746776342;-1.018019468;-1.324463241;-0.777972266;0.333702632;-0.180286478;-0.184744741;0.402532729;-0.510924325;-0.295444397;-0.284207151;-2.245032387;-0.147111946;0.069533329;0.552020346;-0.934024574;-0.767160703;1.050657918;-0.391347867;-1.063757594;-0.837240034;0.344111373;-0.717848636;-0.526590945;-0.111854201;0.64462998;-1.096918181;1.19666633;0.107982845;0.210770722;1.851882279
MOURVEDRE;3;3;-0.382450855;VITIS VINIFERA LINNÉ SUBSP. SATIVA;0.125988158;VITIS VINIFERA;0.784583711;VITIS VINIFERA;0.739615663;-0.609640677;-0.353905252;1.372164699;-0.161121761;-0.68657768;0.748001477;-1.007072441;-0.597550088;0.886277417;0.673100918;0.999301981;-0.137984515;1.264393016;-0.060469263;0.763753803;-0.730462065;0.813230536;1.531326988;-0.355678441;1.125179412;0.449701472;0.012348766;0.333702632;-0.912879152;1.409457069;0.402532729;2.14035866;0.691082981;1.534718613;0.123353428;-0.789054981;1.595293225;-1.010454933;-0.934024574;-0.767160703;-1.254785742;-0.391347867;1.161094891;-0.837240034;-0.085608195;-0.058389602;-0.130098939;0.297212592;0.048440403;1.049955324;-0.79259718;-0.543989049;0.210770722;-0.975643746
NOAH;4;1;-0.382450855;VITIS VINIFERA LINNÉ SUBSP. SATIVA;0.125988158;TAYLOR;0.592195368; Unknow ;0.938503908;-1.602124069;2.124507214;-1.183884304;-0.344605616;0.636526058;0.868966972;0.125598604;-2.149857328;0.499286888;-1.605718873;3.166012817;0.770347835;-0.158930568;-0.447472544;-0.403719012;0.593801178;1.069618488;1.722618323;1.414809797;0.26789986;0.449701472;0.012348766;-0.52630952;0.186009859;1.010906617;-1.083741964;-0.510924325;-0.295444397;1.534718613;-1.06083948;-2.072941051;-0.693346619;0.552020346;-0.934024574;-0.767160703;1.050657918;-0.391347867;0.271153897;-0.837240034;-2.663925601;-0.717848636;-1.319574956;-0.316387598;0.048440403;-1.096918181;1.19666633;1.020743497;0.210770722;-0.26876224
PETITE ARVINE;3;4;-0.382450855;VITIS VINIFERA LINNÉ SUBSP. SATIVA;0.125988158;Vitis vinifera;0.976972054;Vitis vinifera;0.839059785;-0.547610465;0.885300981;2.832764129;-0.12442499;0.636526058;0.11293263;-0.970534665;0.672519472;-1.159243951;0.716924375;0.476302813;1.930994726;-0.158930568;0.016931393;-0.434441981;-1.254007998;-0.468709225;-0.700405252;-0.10275155;-0.017859991;-1.915851479;0.012348766;0.190367273;0.00286169;-1.380396099;-0.340604617;-0.510924325;-0.788708086;-1.375562608;0.715449882;-1.430998016;-0.693346619;-0.48962984;0.716276514;0.903480374;-0.102063912;2.555271368;-1.063757594;-0.837240034;-1.374766898;0.601069432;-0.724836948;-0.929987788;-0.666987089;-1.096918181;-0.79259718;-0.543989049;0.210770722;-1.682525252
PINOT BLANC;2;4;-0.382450855;VITIS VINIFERA LINNÉ SUBSP. SATIVA;0.125988158;PINOT NOIR MUTATION;0.111224511;PINOT NOIR MUTATION;-0.254825564;0.196752079;-0.181793276;-0.392726279;-0.417999159;0.706163097;-1.550342924;-0.970534665;-0.456431248;-1.159243951;0.716924375;0.476302813;-0.995853956;-0.228360987;0.09433205;-1.171793233;0.778582096;-0.383246574;-1.593098149;-0.10275155;0.696539636;0.449701472;0.486541385;-0.096303444;0.186009859;-0.583295194;0.402532729;-0.510924325;0.197819292;-1.375562608;0.123353428;-0.147111946;-0.693346619;0.552020346;0.166176151;0.903480374;1.050657918;-0.391347867;-1.063757594;-0.837240034;-1.374766898;0.601069432;-0.724836948;-0.929987788;-0.666987089;-1.096918181;-0.295281303;-0.543989049;0.210770722;-0.975643746
PINOT GRIS;2;4;-0.382450855;VITIS VINIFERA LINNÉ SUBSP. SATIVA;0.125988158;PINOT NOIR MUTATION;0.111224511;PINOT NOIR MUTATION;-0.254825564;0.196752079;-0.181793276;-0.392726279;-0.417999159;0.706163097;-1.550342924;-0.970534665;-0.456431248;-1.159243951;0.716924375;0.476302813;-0.995853956;-0.228360987;0.09433205;-1.171793233;0.778582096;-0.383246574;-1.593098149;-0.10275155;1.553819188;0.449701472;0.960734004;-0.52630952;-0.912879152;-0.583295194;0.402532729;-0.510924325;0.691082981;-1.375562608;0.123353428;-0.361092957;-0.693346619;0.552020346;0.166176151;0.160973228;1.050657918;-0.391347867;-1.063757594;-0.837240034;-1.374766898;1.040708788;-0.130098939;-0.929987788;-0.666987089;0.334330822;-0.79259718;-0.543989049;0.210770722;-0.975643746
PINOT NOIR;2;4;-0.382450855;VITIS VINIFERA LINNÉ SUBSP. SATIVA;0.125988158; Unknow ;1.169360398;SAVAGNIN BLANC;0.341839172;0.196752079;-0.181793276;-0.392726279;-0.417999159;0.706163097;-1.550342924;-0.970534665;-0.456431248;-1.159243951;0.716924375;0.476302813;-0.995853956;-0.228360987;0.09433205;-1.171793233;0.778582096;-0.383246574;-1.593098149;-0.10275155;0.26789986;-0.338816178;-0.461843853;0.047031915;-1.279175489;-0.317594892;-0.340604617;1.256597665;0.033398063;-1.011777456;0.123353428;-0.575073969;-0.693346619;1.593670531;-0.383924212;0.717853587;0.474297003;-0.391347867;-0.1738166;-0.484717914;-1.159907114;1.260528466;-0.328344942;-0.316387598;-0.547749174;1.049955324;-0.79259718;-0.543989049;0.210770722;-0.975643746
PORTUGAIS BLEU;3;2;-0.382450855;VITIS VINIFERA LINNÉ SUBSP. SATIVA;0.125988158;ZIMMETTRAUBE BLAU;1.073166226;SILVANER GRUEN;0.540727417;1.313295894;-0.388327648;0.641864984;0.756297518;-0.199118408;-0.612860339;0.344825257;-0.597550088;0.499286888;0.716924375;-0.943266355;0.770347835;-0.158930568;1.177941238;1.040260522;0.778582096;0.813230536;1.08498054;-0.355678441;-1.018019468;-0.141686765;-0.461843853;-0.096303444;-0.363434647;-0.583295194;-1.083741964;-0.510924325;0.197819292;-1.375562608;0.715449882;0.49483109;-0.693346619;-1.531280025;-0.934024574;1.460360732;1.050657918;-0.391347867;-1.063757594;-0.837240034;-0.730187547;0.601069432;-0.130098939;-0.929987788;-0.309273343;0.835267974;-0.79259718;-0.543989049;0.210770722;-0.975643746
PRIE BLANC;2;2;-0.382450855;VITIS VINIFERA LINNÉ SUBSP. SATIVA;0.125988158;Vitis vinifera;0.976972054;Vitis vinifera;0.839059785;-0.547610465;-0.181793276;-1.549034161;-0.344605616;0.636526058;-0.068515612;0.344825257;0.672519472;-1.159243951;1.242805865;0.476302813;-0.440761965;-0.158930568;0.016931393;-0.434441981;0.778582096;-0.212321273;-0.445350139;0.403102232;0.26789986;-1.127333828;0.012348766;-1.099650954;-1.279175489;-0.184744741;-1.083741964;-0.510924325;0.197819292;-0.647992303;0.123353428;-0.147111946;-0.311906645;-0.48962984;0.166176151;-0.210280344;0.474297003;-0.391347867;-1.063757594;0.749109504;-0.085608195;-0.717848636;-0.724836948;-0.316387598;0.048440403;-1.096918181;-0.79259718;-0.543989049;0.210770722;-0.26876224
RED GLOBE;4;0;-0.382450855;VITIS VINIFERA LINNÉ SUBSP. SATIVA;0.125988158;OLMO L 12- 80;0.015030339;OLMO S 45- 48;-0.553157933;-0.299489617;0.644344213;-0.453584589;0.682903975;-0.408029525;1.9878978;0.271749706;-1.020906608;0.222865082;0.62927746;0.401588646;-0.137984515;0.257651944;-2.072886327;0.733030834;0.716988457;-1.237873081;1.148744319;1.414809797;-1.446659243;-0.141686765;0.012348766;-1.386321671;-2.011768164;-1.778946551;0.402532729;-0.510924325;1.677610358;-1.375562608;0.123353428;0.49483109;-0.693346619;0.552020346;0.166176151;-0.767160703;-0.102063912;-0.391347867;-1.063757594;-0.837240034;1.84812986;-1.37730767;1.059377078;2.751613353;1.479295388;0.191205922;1.19666633;-0.543989049;0.210770722;1.851882279
REGINA;4;0;1.948678167;VITIS VINIFERA LINNÉ SUBSP. SATIVA;0.125988158;VITIS VINIFERA;0.784583711;VITIS VINIFERA;0.739615663;-0.547610465;-0.181793275;-0.210151351;0.389329806;0.288340864;-0.068515612;0.783278565;-0.879787768;-0.164125448;-0.94836701;-0.644409688;-0.238910332;-0.02006973;-0.679674513;0.487247083;0.470613899;-1.06694778;-0.445350139;1.414809797;-1.160899393;-0.733075003;0.328477179;-0.096303444;-0.363434647;-1.380396099;-0.340604617;-0.510924325;-0.295444397;-1.375562608;-0.468743026;-0.147111946;0.069533329;-1.531280025;2.366577601;-0.767160703;-1.254785742;-0.391347867;-1.063757594;-0.837240034;1.203550508;-0.058389602;-0.328344942;2.138013163;2.43319871;-1.096918181;1.19666633;-0.543989049;0.210770722;1.145000773
RIESLING;1;3;-0.382450855;VITIS VINIFERA LINNÉ SUBSP. SATIVA;0.125988158; Unknow ;1.169360398;HEUNISCH WEISS;-1.149822669;0.320812503;-0.353905252;1.18958977;0.866387831;0.357977903;0.11293263;-0.349392479;0.743078892;0.388718165;0.716924375;0.252160313;1.073125284;0.986671341;0.016931393;-0.342273075;0.747785276;0.172260655;-0.636641474;-0.10275155;-0.446499766;-0.338816178;0.170412972;-0.239638803;0.00286169;1.409457069;0.402532729;1.256597665;-1.281971774;-0.284207151;1.307546335;0.49483109;1.595293225;1.593670531;-0.383924212;0.903480374;-0.102063912;-0.391347867;0.271153897;0.749109504;-1.374766898;1.260528466;1.059377078;-1.543587979;-0.666987089;-1.096918181;-0.79259718;1.542321012;0.210770722;-0.975643746
SANGIOVESE;3;2;-0.382450855;VITIS VINIFERA LINNÉ SUBSP. SATIVA;0.125988158;GAGLIOPPO N;-1.043105547;FOGLIA TONDA N;-1.348710914;-0.423550041;-4.071523953;-0.453584589;-0.051031447;-0.408029524;0.022208509;0.417900808;0.884197732;-0.551115977;-1.561895415;0.177446146;1.981457634;-0.922665173;-0.679674513;-0.342273075;-0.638071606;-0.084127297;1.021216762;-0.10275155;0.553659711;0.449701472;0.644605591;0.333702631;-0.180286478;-0.184744741;-1.083741964;-0.510924325;-0.788708086;-0.284207151;-0.468743026;0.49483109;-0.693346619;-1.010454933;0.166176151;-0.767160703;-1.254785742;-0.391347867;-0.1738166;0.220326325;0.77383094;0.82088911;0.662885072;0.297212592;-0.070797512;1.049955324;-0.79259718;-0.543989049;0.210770722;-0.033135071
SAUVIGNON BLANC;1;3;-0.382450855;VITIS VINIFERA LINNÉ SUBSP. SATIVA;0.125988158;SAVAGNIN BLANC;0.303612854; Unknow ;0.938503908;-0.423550041;-0.07852609;-0.453584589;-0.051031447;-1.24367399;0.022208509;-0.897459114;-0.526990668;-0.219409809;0.80457129;-0.719123855;1.073125284;-0.089500149;0.249133362;-1.079624326;-0.638071606;-0.4259779;-1.274279257;-0.10275155;-0.589379692;0.25257206;-0.619908059;-0.382974161;-0.729730984;0.612356164;-0.588317066;-0.510924325;-0.788708086;0.079578002;0.715449882;0.49483109;-0.693346619;0.899237074;0.166176151;-0.39590713;-0.102063912;-0.391347867;0.716124394;0.220326325;-0.94504733;0.82088911;0.46463907;-0.316387598;0.286916234;-1.096918181;-0.79259718;2.063898528;0.210770722;-0.975643746
SEMILLON;1;2;-0.382450855;VITIS VINIFERA LINNÉ SUBSP. SATIVA;0.125988158;VITIS VINIFERA;0.784583711;VITIS VINIFERA;0.739615663;-0.547610465;0.713189004;-0.453584589;-0.161121761;-1.452585107;-0.159239734;-1.007072441;-0.526990668;0.16758072;-1.64954233;0.55101698;1.073125284;-0.193645777;-0.911876482;-0.526610888;0.747785276;-1.964305612;-0.445350139;-0.355678441;0.410779785;0.646830885;0.170412972;-0.52630952;-0.363434647;0.745206315;-1.083741964;-0.510924325;-0.295444397;0.443363154;-0.468743026;-0.147111946;0.069533329;0.552020346;-0.383924212;-0.767160703;-1.254785742;-0.391347867;-0.618787097;-0.837240034;-0.085608195;-0.058389602;-0.130098939;0.910812783;-0.428511258;-1.096918181;-0.79259718;1.020743497;0.210770722;-0.033135071
SYRAH;2;4;-0.382450855;VITIS VINIFERA LINNÉ SUBSP. SATIVA;0.125988158;MONDEUSE BLANCHE;-0.273552175;DUREZA;-1.448155037;-0.609640677;-0.285060462;-0.210151351;0.059058866;1.681081641;-1.399136055;-1.007072441;-0.668109508;-0.27469417;-1.693365788;-0.719123855;-1.450020131;-0.818519545;0.7135373;-1.909144484;0.747785276;-0.51144055;-0.572877695;-0.10275155;0.553659711;0.449701473;0.644605591;-0.096303444;-0.180286478;1.010906617;-0.340604618;-0.510924325;-0.624286856;0.564624872;-0.468743026;0.49483109;-0.693346619;-0.48962984;0.166176151;-1.324041062;-1.254785742;-0.391347867;0.122830398;0.220326325;0.129251589;0.601069432;0.662885072;-0.316387598;-0.309273343;1.049955324;-0.79259718;-0.543989049;0.210770722;0.438119267
TANNAT;1;3;-0.382450855;VITIS VINIFERA LINNÉ SUBSP. SATIVA;0.125988158;VITIS VINIFERA;0.784583711;VITIS VINIFERA;0.739615663;1.313295894;0.919723376;1.372164699;1.380142627;0.636526058;-0.159239734;-1.007072441;0.743078892;-1.159243951;1.242805865;0.999301981;-0.137984515;0.431227991;0.016931393;-0.526610888;-0.730462065;0.343185956;-0.445350139;-0.10275155;-0.303619841;-0.733075003;0.644605591;0.333702632;0.186009859;1.409457069;-0.340604617;1.256597665;1.677610358;1.534718613;0.123353428;-0.147111946;1.595293225;1.072845439;-0.934024574;1.08910716;-1.254785742;2.555271368;0.716124394;-0.837240034;0.558971157;0.601069432;-0.130098939;0.297212592;-0.428511258;1.049955324;-0.295281303;-0.543989049;0.210770722;-0.26876224
TEMPRANILLO;1;3;-0.382450855;VITIS VINIFERA LINNÉ SUBSP. SATIVA;0.125988158;ALBILLO MAYOR;-2.101241434;BENEDICTO;-2.044819773;1.18923547;0.644344213;-0.453584589;-0.197818532;0.009792708;1.9878978;0.052523053;1.448673092;0.222865082;-0.159544775;-0.046696354;0.467570385;0.396512782;-1.608482389;0.733030834;-1.13082072;0.300454631;-0.38158636;-0.608605332;-1.446659243;0.449701472;0.960734004;1.193714783;1.28489887;1.010906617;0.402532729;-0.510924325;-0.788708086;0.079578002;0.715449882;-0.147111946;-0.693346619;1.593670531;-0.934024574;2.57412145;-0.102063912;2.555271368;1.606065387;1.277892683;0.558971157;-0.058389602;-0.130098939;0.297212592;-0.666987089;1.049955324;0.202034575;0.238377224;0.210770722;-0.033135071
TERRANO;2;3;-0.382450855;VITIS VINIFERA LINNÉ SUBSP. SATIVA;0.125988158; Unknow ;1.169360398;REFOSCO NOSTRANO;0.142950926;-0.175429193;-0.388327648;1.007014841;-0.12442499;1.472170524;-1.550342924;0.125598604;0.249162952;-1.159243951;1.242805865;-1.839836357;-0.137984515;0.465943201;0.016931393;-0.772394638;0.162645703;-0.468709225;-0.445350139;-0.10275155;-1.446659243;-1.127333828;-1.252164885;0.333702632;-0.912879153;1.409457069;1.888807423;-0.510924325;0.691082981;1.534718613;0.715449882;-1.430998016;1.595293225;0.552020346;-0.934024574;-0.488720524;1.050657918;-0.391347867;1.606065387;1.277892683;0.881260832;-0.717848636;-0.130098939;0.297212592;0.048440403;1.049955324;-0.79259718;-0.543989049;0.210770722;0.438119267
THOMPSON SEEDLESS;3;1;-0.382450855;VITIS VINIFERA LINNÉ SUBSP. SATIVA;0.125988158;VITIS VINIFERA;0.784583711;VITIS VINIFERA;0.739615663;1.685477166;0.472232237;-0.453584589;-0.344605616;-0.199118408;-1.550342924;0.125598604;-0.597550088;0.16758072;0.716924375;-0.420267188;0.467570385;-0.158930568;1.177941238;-0.434441981;-1.254007998;-1.237873081;1.08498054;0.403102233;-1.160899393;-1.324463241;-0.14571544;0.190367273;0.552306196;-0.184744741;-1.083741964;0.37283667;-0.295444397;-0.647992303;-1.06083948;-0.789054981;-0.693346619;1.593670531;-0.200557424;-0.024653558;-1.254785742;-0.391347867;-0.1738166;-0.837240034;1.203550508;-0.498028958;0.266393067;-0.316387598;-0.190035428;-1.096918181;1.19666633;-0.543989049;-3.643322485;-0.033135071
TREBBIANO DI SPAGNA;3;1;1.948678167;VITIS VINIFERA LINNÉ SUBSP. SATIVA;0.125988158;ALBANA BIANCA;-2.197435606; Unknow ;0.938503908;1.437356318;-0.14737088;1.007014841;0.939781373;0.288340864;-0.068515612;-0.020552499;0.672519472;0.775708694;0.2786898;-0.196124688;1.224514009;0.743664876;0.868338613;-0.434441981;-0.268509771;-0.084127297;-0.509113917;-0.10275155;1.125179412;0.449701472;0.960734004;0.333702632;-0.912879152;-0.184744741;0.402532729;-0.510924325;0.691082981;0.807148307;-1.06083948;-0.147111946;-0.693346619;-0.48962984;-0.934024574;-0.767160703;-1.254785742;-0.391347867;-0.1738166;0.220326325;0.558971157;-0.717848636;-0.130098939;-0.929987788;-0.666987089;-1.096918181;-0.79259718;-0.543989049;0.210770722;0.438119267
TREBBIANO TOSCANO;1;3;1.948678167;VITIS VINIFERA LINNÉ SUBSP. SATIVA;0.125988158;VITIS VINIFERA;0.784583711;VITIS VINIFERA;0.739615663;-0.547610465;-0.388327648;1.372164699;-0.12442499;-0.616940641;0.838725599;0.125598604;0.672519472;-0.164125448;-0.334838605;-0.943266355;0.467570385;0.465943201;-1.37628042;-0.065766355;0.778582096;0.300454631;-0.445350139;-0.10275155;-0.01785999;-0.141686765;0.328477179;-0.239638803;0.00286169;0.213805712;0.402532729;-0.510924325;-0.788708086;0.807148307;0.123353428;0.49483109;-0.693346619;1.593670531;0.166176151;0.903480374;1.050657918;-0.391347867;0.716124394;0.220326324;1.203550508;-0.058389602;0.861131075;-0.929987788;-0.666987089;-1.096918181;-0.79259718;-0.543989049;0.210770722;-0.975643746
VERDOT PETIT;1;3;1.948678167;VITIS VINIFERA LINNÉ SUBSP. SATIVA;0.125988158;VITIS VINIFERA;0.784583711;VITIS VINIFERA;0.739615663;1.313295894;-0.353905252;-0.453584589;0.719600747;-0.616940641;-1.671308418;-1.007072441;0.743078892;0.830993055;1.242805865;-0.868552189;1.930994726;0.431227991;0.016931393;-1.263962139;-2.208709406;0.855961861;0.3198152;-0.10275155;0.26789986;0.449701472;0.960734004;1.193714783;0.186009859;1.143756767;-1.083741964;-0.510924325;0.197819292;0.079578002;-0.863473995;-0.147111946;-0.693346619;1.072845439;-0.567290999;-0.581533917;0.474297003;-0.391347867;1.161094891;-0.308456855;-0.085608195;-0.058389602;-0.724836948;-0.316387598;0.048440403;1.049955324;0.202034575;0.238377224;0.210770722;-0.975643746
VERIGO;3;0;-0.382450855;VITIS VINIFERA LINNÉ SUBSP. SATIVA;0.125988158;VITIS VINIFERA;0.784583711;VITIS VINIFERA;0.739615663;1.80953759;0.403387446;-0.453584589;-0.307908845;2.725637223;1.231863457;0.16213638;0.249162952;0.775708694;0.80457129;1.223444481;0.164792935;-0.124215359;1.410143207;0.886645678;-0.668868426;0.813230536;0.638634092;1.414809797;-0.589379692;0.449701472;0.960734004;0.333702632;-0.912879152;-0.184744741;0.402532729;1.256597665;-0.295444397;-0.647992303;-1.06083948;0.49483109;-0.693346619;-0.48962984;0.166176151;-0.767160703;1.050657918;-0.391347867;-1.063757594;-0.837240034;1.203550508;-2.696225738;-0.130098939;1.524412973;2.910150372;-0.45285613;-0.79259718;-0.543989049;0.210770722;0.438119267
VERMENTINO;1;2;-0.382450855;VITIS VINIFERA LINNÉ SUBSP. SATIVA;0.125988158;Vitis vinifera;0.976972054;Vitis vinifera;0.839059785;-0.547610465;0.472232237;1.372164699;-0.12442499;-0.616940641;0.11293263;0.125598604;1.942589032;0.499286888;0.716924375;0.476302813;-0.137984515;-0.158930568;-1.840684358;-0.434441981;-0.699665245;0.813230536;1.08498054;0.403102232;1.982458963;1.632477948;-1.410229091;-0.52630952;0.186009859;-0.184744741;1.145670076;-0.510924325;-0.788708086;0.807148307;0.123353428;1.136774125;0.069533329;1.072845439;0.166176151;0.346600015;1.050657918;-0.391347867;0.716124394;0.220326325;-0.085608195;-0.058389602;3.438329112;0.297212592;-0.309273343;-1.096918181;-0.79259718;-0.543989049;0.210770722;0.438119267
